{
  "bands": {
    "EXIT": 50,
    "HOLD": 30,
    "MONITOR": 50,
    "STRONG_EXIT": 94
  },
  "weights": {
    "fund": 0.6218197586871005,
    "liquidity": 0.04788193098537962,
    "news": 0.2824163793421402,
    "tech": 0.04788193098537962
  }
}