{
  "bands": {
    "EXIT": 52,
    "HOLD": 30,
    "MONITOR": 50,
    "STRONG_EXIT": 94
  },
  "weights": {
    "fund": 0.44902822304282214,
    "liquidity": 0.04897016649313838,
    "news": 0.2582890218162153,
    "tech": 0.24371258864782402
  }
}