{
  "bands": {
    "EXIT": 50,
    "HOLD": 30,
    "MONITOR": 50,
    "STRONG_EXIT": 94
  },
  "weights": {
    "fund": 0.654464775001444,
    "liquidity": 0.04788188597241248,
    "news": 0.2497714530537311,
    "tech": 0.04788188597241248
  }
}